legislator,party,state,chamber,district
Commish. Pablo José Hernández Rivera [D-PR],Democrat,PR,House,00
President Donald Trump [R],Republican,,House,NA
Rep. Aaron Bean [R-FL4],Republican,FL,House,04
Rep. Abraham Hamadeh [R-AZ8],Republican,AZ,House,08
Rep. Adam Gray [D-CA13],Democrat,CA,House,13
Rep. Adam Smith [D-WA9],Democrat,WA,House,09
Rep. Addison McDowell [R-NC6],Republican,NC,House,06
Rep. Adelita Grijalva [D-AZ7],Democrat,AZ,House,07
Rep. Adrian Smith [R-NE3],Republican,NE,House,03
Rep. Adriano Espaillat [D-NY13],Democrat,NY,House,13
Rep. Al Green [D-TX9],Democrat,TX,House,09
Rep. Alexandria Ocasio-Cortez [D-NY14],Democrat,NY,House,14
Rep. Alma Adams [D-NC12],Democrat,NC,House,12
Rep. Ami Bera [D-CA6],Democrat,CA,House,06
Rep. Andrea Salinas [D-OR6],Democrat,OR,House,06
Rep. Andrew Clyde [R-GA9],Republican,GA,House,09
Rep. Andrew Garbarino [R-NY2],Republican,NY,House,02
Rep. Andrew Ogles [R-TN5],Republican,TN,House,05
Rep. André Carson [D-IN7],Democrat,IN,House,07
Rep. Andy Biggs [R-AZ5],Republican,AZ,House,05
Rep. Andy Harris [R-MD1],Republican,MD,House,01
Rep. Angie Craig [D-MN2],Democrat,MN,House,02
Rep. Ann Wagner [R-MO2],Republican,MO,House,02
Rep. Anna Luna [R-FL13],Republican,FL,House,13
Rep. April McClain Delaney [D-MD6],Democrat,MD,House,06
Rep. Ashley Hinson [R-IA2],Republican,IA,House,02
Rep. August Pfluger [R-TX11],Republican,TX,House,11
Rep. Aumua Amata Radewagen [R-AS],Republican,AS,House,00
Rep. Austin Scott [R-GA8],Republican,GA,House,08
Rep. Ayanna Pressley [D-MA7],Democrat,MA,House,07
Rep. Barry Loudermilk [R-GA11],Republican,GA,House,11
Rep. Barry Moore [R-AL1],Republican,AL,House,01
Rep. Becca Balint [D-VT],Democrat,VT,House,00
Rep. Ben Cline [R-VA6],Republican,VA,House,06
Rep. Bennie Thompson [D-MS2],Democrat,MS,House,02
Rep. Beth Van Duyne [R-TX24],Republican,TX,House,24
Rep. Betty McCollum [D-MN4],Democrat,MN,House,04
Rep. Bill Foster [D-IL11],Democrat,IL,House,11
Rep. Bill Huizenga [R-MI4],Republican,MI,House,04
Rep. Blake Moore [R-UT1],Republican,UT,House,01
Rep. Bonnie Watson Coleman [D-NJ12],Democrat,NJ,House,12
Rep. Brad Finstad [R-MN1],Republican,MN,House,01
Rep. Brad Knott [R-NC13],Republican,NC,House,13
Rep. Brad Sherman [D-CA32],Democrat,CA,House,32
Rep. Bradley “Brad” Schneider [D-IL10],Democrat,IL,House,10
Rep. Brandon Gill [R-TX26],Republican,TX,House,26
Rep. Brendan Boyle [D-PA2],Democrat,PA,House,02
Rep. Brett Guthrie [R-KY2],Republican,KY,House,02
Rep. Brian Babin [R-TX36],Republican,TX,House,36
Rep. Brian Fitzpatrick [R-PA1],Republican,PA,House,01
Rep. Brian Jack [R-GA3],Republican,GA,House,03
Rep. Brian Mast [R-FL21],Republican,FL,House,21
Rep. Brittany Pettersen [D-CO7],Democrat,CO,House,07
Rep. Bruce Westerman [R-AR4],Republican,AR,House,04
Rep. Bryan Steil [R-WI1],Republican,WI,House,01
Rep. Byron Donalds [R-FL19],Republican,FL,House,19
Rep. Carlos Gimenez [R-FL28],Republican,FL,House,28
Rep. Carol Miller [R-WV1],Republican,WV,House,01
Rep. Celeste Maloy [R-UT2],Republican,UT,House,02
Rep. Charles (Chuck) Edwards [R-NC11],Republican,NC,House,11
Rep. Charles “Chuck” Fleischmann [R-TN3],Republican,TN,House,03
Rep. Chellie Pingree [D-ME1],Democrat,ME,House,01
Rep. Chip Roy [R-TX21],Republican,TX,House,21
Rep. Chris Deluzio [D-PA17],Democrat,PA,House,17
Rep. Chris Pappas [D-NH1],Democrat,NH,House,01
Rep. Chrissy Houlahan [D-PA6],Democrat,PA,House,06
Rep. Christian Menefee [D-TX18],Democrat,TX,House,18
Rep. Christopher “Chris” Smith [R-NJ4],Republican,NJ,House,04
Rep. Clarence “Burgess” Owens [R-UT4],Republican,UT,House,04
Rep. Claudia Tenney [R-NY24],Republican,NY,House,24
Rep. Clay Higgins [R-LA3],Republican,LA,House,03
Rep. Cleo Fields [D-LA6],Democrat,LA,House,06
Rep. Cliff Bentz [R-OR2],Republican,OR,House,02
Rep. Cory Mills [R-FL7],Republican,FL,House,07
Rep. Craig Goldman [R-TX12],Republican,TX,House,12
Rep. Dale Strong [R-AL5],Republican,AL,House,05
Rep. Dan Crenshaw [R-TX2],Republican,TX,House,02
Rep. Dan Goldman [D-NY10],Democrat,NY,House,10
Rep. Dan Newhouse [R-WA4],Republican,WA,House,04
Rep. Daniel Meuser [R-PA9],Republican,PA,House,09
Rep. Daniel Webster [R-FL11],Republican,FL,House,11
Rep. Danny Davis [D-IL7],Democrat,IL,House,07
Rep. Darin LaHood [R-IL16],Republican,IL,House,16
Rep. Darrell Issa [R-CA48],Republican,CA,House,48
Rep. Darren Soto [D-FL9],Democrat,FL,House,09
Rep. Dave Min [D-CA47],Democrat,CA,House,47
Rep. David Joyce [R-OH14],Republican,OH,House,14
Rep. David Kustoff [R-TN8],Republican,TN,House,08
Rep. David Rouzer [R-NC7],Republican,NC,House,07
Rep. David Schweikert [R-AZ1],Republican,AZ,House,01
Rep. David Scott [D-GA13],Democrat,GA,House,13
Rep. David Taylor [R-OH2],Republican,OH,House,02
Rep. David Valadao [R-CA22],Republican,CA,House,22
Rep. Debbie Dingell [D-MI6],Democrat,MI,House,06
Rep. Debbie Wasserman Schultz [D-FL25],Democrat,FL,House,25
Rep. Deborah Ross [D-NC2],Democrat,NC,House,02
Rep. Delia Ramirez [D-IL3],Democrat,IL,House,03
Rep. Derek Schmidt [R-KS2],Republican,KS,House,02
Rep. Derek Tran [D-CA45],Democrat,CA,House,45
Rep. Derrick Van Orden [R-WI3],Republican,WI,House,03
Rep. Diana DeGette [D-CO1],Democrat,CO,House,01
Rep. Diana Harshbarger [R-TN1],Republican,TN,House,01
Rep. Dina Titus [D-NV1],Democrat,NV,House,01
Rep. Don Bacon [R-NE2],Republican,NE,House,02
Rep. Donald Beyer [D-VA8],Democrat,VA,House,08
Rep. Donald Davis [D-NC1],Democrat,NC,House,01
Rep. Donald Norcross [D-NJ1],Democrat,NJ,House,01
Rep. Doris Matsui [D-CA7],Democrat,CA,House,07
Rep. Dusty Johnson [R-SD],Republican,SD,House,00
Rep. Dwight Evans [D-PA3],Democrat,PA,House,03
Rep. Earl “Buddy” Carter [R-GA1],Republican,GA,House,01
Rep. Ed Case [D-HI1],Democrat,HI,House,01
Rep. Eleanor Holmes Norton [D-DC],Democrat,DC,House,00
Rep. Eli Crane [R-AZ2],Republican,AZ,House,02
Rep. Elise Stefanik [R-NY21],Republican,NY,House,21
Rep. Emanuel Cleaver [D-MO5],Democrat,MO,House,05
Rep. Emilia Sykes [D-OH13],Democrat,OH,House,13
Rep. Emily Randall [D-WA6],Democrat,WA,House,06
Rep. Eric Burlison [R-MO7],Republican,MO,House,07
Rep. Eric Sorensen [D-IL17],Democrat,IL,House,17
Rep. Eric Swalwell [D-CA14],Democrat,CA,House,14
Rep. Eric “Rick” Crawford [R-AR1],Republican,AR,House,01
Rep. Erin Houchin [R-IN9],Republican,IN,House,09
Rep. Ernest “Tony” Gonzales [R-TX23],Republican,TX,House,23
Rep. Eugene Vindman [D-VA7],Democrat,VA,House,07
Rep. Frank Lucas [R-OK3],Republican,OK,House,03
Rep. Frank Mrvan [D-IN1],Democrat,IN,House,01
Rep. Frank Pallone [D-NJ6],Democrat,NJ,House,06
Rep. Frederica Wilson [D-FL24],Democrat,FL,House,24
Rep. French Hill [R-AR2],Republican,AR,House,02
Rep. Gabe Amo [D-RI1],Democrat,RI,House,01
Rep. Gabe Evans [R-CO8],Republican,CO,House,08
Rep. Gabriel (Gabe) Vasquez [D-NM2],Democrat,NM,House,02
Rep. Garland “Andy” Barr [R-KY6],Republican,KY,House,06
Rep. Gary Palmer [R-AL6],Republican,AL,House,06
Rep. George Latimer [D-NY16],Democrat,NY,House,16
Rep. George Whitesides [D-CA27],Democrat,CA,House,27
Rep. Gilbert Cisneros [D-CA31],Democrat,CA,House,31
Rep. Glenn Grothman [R-WI6],Republican,WI,House,06
Rep. Glenn Ivey [D-MD4],Democrat,MD,House,04
Rep. Glenn Thompson [R-PA15],Republican,PA,House,15
Rep. Grace Meng [D-NY6],Democrat,NY,House,06
Rep. Greg Landsman [D-OH1],Democrat,OH,House,01
Rep. Greg Stanton [D-AZ4],Democrat,AZ,House,04
Rep. Gregorio Casar [D-TX35],Democrat,TX,House,35
Rep. Gregory Meeks [D-NY5],Democrat,NY,House,05
Rep. Gregory Murphy [R-NC3],Republican,NC,House,03
Rep. Gregory Steube [R-FL17],Republican,FL,House,17
Rep. Gus Bilirakis [R-FL12],Republican,FL,House,12
Rep. Guy Reschenthaler [R-PA14],Republican,PA,House,14
Rep. Gwen Moore [D-WI4],Democrat,WI,House,04
Rep. Hakeem Jeffries [D-NY8],Democrat,NY,House,08
Rep. Haley Stevens [D-MI11],Democrat,MI,House,11
Rep. Harold “Hal” Rogers [R-KY5],Republican,KY,House,05
Rep. Harriet Hageman [R-WY],Republican,WY,House,00
Rep. Henry C. “Hank” Johnson [D-GA4],Democrat,GA,House,04
Rep. Henry Cuellar [D-TX28],Democrat,TX,House,28
Rep. Herbert Conaway [D-NJ3],Democrat,NJ,House,03
Rep. Hillary Scholten [D-MI3],Democrat,MI,House,03
Rep. Ilhan Omar [D-MN5],Democrat,MN,House,05
Rep. Jack Bergman [R-MI1],Republican,MI,House,01
Rep. Jahana Hayes [D-CT5],Democrat,CT,House,05
Rep. Jake Auchincloss [D-MA4],Democrat,MA,House,04
Rep. Jake Ellzey [R-TX6],Republican,TX,House,06
Rep. James (Jim) Moylan [R-GU],Republican,GU,House,00
Rep. James Baird [R-IN4],Republican,IN,House,04
Rep. James Comer [R-KY1],Republican,KY,House,01
Rep. James Walkinshaw [D-VA11],Democrat,VA,House,11
Rep. James “Jim” Clyburn [D-SC6],Democrat,SC,House,06
Rep. James “Jim” Himes [D-CT4],Democrat,CT,House,04
Rep. James “Jim” McGovern [D-MA2],Democrat,MA,House,02
Rep. Jamie Raskin [D-MD8],Democrat,MD,House,08
Rep. Janelle Bynum [D-OR5],Democrat,OR,House,05
Rep. Janice “Jan” Schakowsky [D-IL9],Democrat,IL,House,09
Rep. Jared Golden [D-ME2],Democrat,ME,House,02
Rep. Jared Huffman [D-CA2],Democrat,CA,House,02
Rep. Jared Moskowitz [D-FL23],Democrat,FL,House,23
Rep. Jasmine Crockett [D-TX30],Democrat,TX,House,30
Rep. Jason Crow [D-CO6],Democrat,CO,House,06
Rep. Jason Smith [R-MO8],Republican,MO,House,08
Rep. Jay Obernolte [R-CA23],Republican,CA,House,23
Rep. Jeff Crank [R-CO5],Republican,CO,House,05
Rep. Jeff Hurd [R-CO3],Republican,CO,House,03
Rep. Jefferson Shreve [R-IN6],Republican,IN,House,06
Rep. Jefferson Van Drew [R-NJ2],Republican,NJ,House,02
Rep. Jennifer Kiggans [R-VA2],Republican,VA,House,02
Rep. Jennifer McClellan [D-VA4],Democrat,VA,House,04
Rep. Jerrold Nadler [D-NY12],Democrat,NY,House,12
Rep. Jesús “Chuy” García [D-IL4],Democrat,IL,House,04
Rep. Jill Tokuda [D-HI2],Democrat,HI,House,02
Rep. Jim Costa [D-CA21],Democrat,CA,House,21
Rep. Jim Jordan [R-OH4],Republican,OH,House,04
Rep. Jimmy Gomez [D-CA34],Democrat,CA,House,34
Rep. Jimmy Panetta [D-CA19],Democrat,CA,House,19
Rep. Jimmy Patronis [R-FL1],Republican,FL,House,01
Rep. Joaquin Castro [D-TX20],Democrat,TX,House,20
Rep. Jodey Arrington [R-TX19],Republican,TX,House,19
Rep. Joe Courtney [D-CT2],Democrat,CT,House,02
Rep. Joe Neguse [D-CO2],Democrat,CO,House,02
Rep. Joe Wilson [R-SC2],Republican,SC,House,02
Rep. John Garamendi [D-CA8],Democrat,CA,House,08
Rep. John J. McGuire [R-VA5],Republican,VA,House,05
Rep. John James [R-MI10],Republican,MI,House,10
Rep. John Joyce [R-PA13],Republican,PA,House,13
Rep. John Larson [D-CT1],Democrat,CT,House,01
Rep. John Mannion [D-NY22],Democrat,NY,House,22
Rep. John Moolenaar [R-MI2],Republican,MI,House,02
Rep. John R. Carter [R-TX31],Republican,TX,House,31
Rep. John Rutherford [R-FL5],Republican,FL,House,05
Rep. John W. Rose [R-TN6],Republican,TN,House,06
Rep. Johnny Olszewski [D-MD2],Democrat,MD,House,02
Rep. Jonathan Jackson [D-IL1],Democrat,IL,House,01
Rep. Joseph Morelle [D-NY25],Democrat,NY,House,25
Rep. Josh Brecheen [R-OK2],Republican,OK,House,02
Rep. Josh Gottheimer [D-NJ5],Democrat,NJ,House,05
Rep. Josh Harder [D-CA9],Democrat,CA,House,09
Rep. Josh Riley [D-NY19],Democrat,NY,House,19
Rep. Joyce Beatty [D-OH3],Democrat,OH,House,03
Rep. Juan Ciscomani [R-AZ6],Republican,AZ,House,06
Rep. Juan Vargas [D-CA52],Democrat,CA,House,52
Rep. Judy Chu [D-CA28],Democrat,CA,House,28
Rep. Julia Brownley [D-CA26],Democrat,CA,House,26
Rep. Julia Letlow [R-LA5],Republican,LA,House,05
Rep. Julie Fedorchak [R-ND],Republican,ND,House,00
Rep. Julie Johnson [D-TX32],Democrat,TX,House,32
Rep. Katherine Clark [D-MA5],Democrat,MA,House,05
Rep. Katherine “Kat” Cammack [R-FL3],Republican,FL,House,03
Rep. Kathy Castor [D-FL14],Democrat,FL,House,14
Rep. Keith Self [R-TX3],Republican,TX,House,03
Rep. Kelly Morrison [D-MN3],Democrat,MN,House,03
Rep. Ken Calvert [R-CA41],Republican,CA,House,41
Rep. Kevin Hern [R-OK1],Republican,OK,House,01
Rep. Kevin Kiley [I-CA3],Independent,CA,House,03
Rep. Kevin Mullin [D-CA15],Democrat,CA,House,15
Rep. Kim Schrier [D-WA8],Democrat,WA,House,08
Rep. Kimberlyn King-Hinds [R-MP],Republican,MP,House,00
Rep. Kristen McDonald Rivet [D-MI8],Democrat,MI,House,08
Rep. Kweisi Mfume [D-MD7],Democrat,MD,House,07
Rep. LaMonica McIver [D-NJ10],Democrat,NJ,House,10
Rep. Lance Gooden [R-TX5],Republican,TX,House,05
Rep. Lateefah Simon [D-CA12],Democrat,CA,House,12
Rep. Laura Friedman [D-CA30],Democrat,CA,House,30
Rep. Laura Gillen [D-NY4],Democrat,NY,House,04
Rep. Laurel Lee [R-FL15],Republican,FL,House,15
Rep. Lauren Boebert [R-CO4],Republican,CO,House,04
Rep. Lauren Underwood [D-IL14],Democrat,IL,House,14
Rep. Linda Sánchez [D-CA38],Democrat,CA,House,38
Rep. Lisa McClain [R-MI9],Republican,MI,House,09
Rep. Lizzie Fletcher [D-TX7],Democrat,TX,House,07
Rep. Lloyd Doggett [D-TX37],Democrat,TX,House,37
Rep. Lloyd Smucker [R-PA11],Republican,PA,House,11
Rep. Lois Frankel [D-FL22],Democrat,FL,House,22
Rep. Lori Trahan [D-MA3],Democrat,MA,House,03
Rep. Lucy McBath [D-GA6],Democrat,GA,House,06
Rep. Luis Correa [D-CA46],Democrat,CA,House,46
Rep. Luz Rivas [D-CA29],Democrat,CA,House,29
Rep. Madeleine Dean [D-PA4],Democrat,PA,House,04
Rep. Maggie Goodlander [D-NH2],Democrat,NH,House,02
Rep. Marc Veasey [D-TX33],Democrat,TX,House,33
Rep. Marcy Kaptur [D-OH9],Democrat,OH,House,09
Rep. Maria Salazar [R-FL27],Republican,FL,House,27
Rep. Mariannette Miller-Meeks [R-IA1],Republican,IA,House,01
Rep. Marie Gluesenkamp Perez [D-WA3],Democrat,WA,House,03
Rep. Marilyn Strickland [D-WA10],Democrat,WA,House,10
Rep. Mario Diaz-Balart [R-FL26],Republican,FL,House,26
Rep. Mark Alford [R-MO4],Republican,MO,House,04
Rep. Mark Amodei [R-NV2],Republican,NV,House,02
Rep. Mark DeSaulnier [D-CA10],Democrat,CA,House,10
Rep. Mark Everette Harris [R-NC8],Republican,NC,House,08
Rep. Mark Messmer [R-IN8],Republican,IN,House,08
Rep. Mark Pocan [D-WI2],Democrat,WI,House,02
Rep. Mark Takano [D-CA39],Democrat,CA,House,39
Rep. Marlin Stutzman [R-IN3],Republican,IN,House,03
Rep. Mary Gay Scanlon [D-PA5],Democrat,PA,House,05
Rep. Mary Miller [R-IL15],Republican,IL,House,15
Rep. Matt Van Epps [R-TN7],Republican,TN,House,07
Rep. Max Miller [R-OH7],Republican,OH,House,07
Rep. Maxine Dexter [D-OR3],Democrat,OR,House,03
Rep. Maxine Waters [D-CA43],Democrat,CA,House,43
Rep. Maxwell Frost [D-FL10],Democrat,FL,House,10
Rep. Melanie Stansbury [D-NM1],Democrat,NM,House,01
Rep. Michael Baumgartner [R-WA5],Republican,WA,House,05
Rep. Michael Cloud [R-TX27],Republican,TX,House,27
Rep. Michael Guest [R-MS3],Republican,MS,House,03
Rep. Michael Lawler [R-NY17],Republican,NY,House,17
Rep. Michael McCaul [R-TX10],Republican,TX,House,10
Rep. Michael Rulli [R-OH6],Republican,OH,House,06
Rep. Michael Turner [R-OH10],Republican,OH,House,10
Rep. Michael “Mike” Simpson [R-ID2],Republican,ID,House,02
Rep. Michelle Fischbach [R-MN7],Republican,MN,House,07
Rep. Mike Bost [R-IL12],Republican,IL,House,12
Rep. Mike Carey [R-OH15],Republican,OH,House,15
Rep. Mike Collins [R-GA10],Republican,GA,House,10
Rep. Mike Ezell [R-MS4],Republican,MS,House,04
Rep. Mike Flood [R-NE1],Republican,NE,House,01
Rep. Mike Haridopolos [R-FL8],Republican,FL,House,08
Rep. Mike Johnson [R-LA4],Republican,LA,House,04
Rep. Mike Kelly [R-PA16],Republican,PA,House,16
Rep. Mike Kennedy [R-UT3],Republican,UT,House,03
Rep. Mike Levin [D-CA49],Democrat,CA,House,49
Rep. Mike Quigley [D-IL5],Democrat,IL,House,05
Rep. Mike Rogers [R-AL3],Republican,AL,House,03
Rep. Mike Thompson [D-CA4],Democrat,CA,House,04
Rep. Morgan Griffith [R-VA9],Republican,VA,House,09
Rep. Morgan Luttrell [R-TX8],Republican,TX,House,08
Rep. Morgan McGarvey [D-KY3],Democrat,KY,House,03
Rep. Mónica De La Cruz [R-TX15],Republican,TX,House,15
Rep. Nancy Mace [R-SC1],Republican,SC,House,01
Rep. Nancy Pelosi [D-CA11],Democrat,CA,House,11
Rep. Nanette Barragán [D-CA44],Democrat,CA,House,44
Rep. Nathaniel Moran [R-TX1],Republican,TX,House,01
Rep. Neal Dunn [R-FL2],Republican,FL,House,02
Rep. Nellie Pou [D-NJ9],Democrat,NJ,House,09
Rep. Nicholas Begich III [R-AK],Republican,AK,House,00
Rep. Nicholas Langworthy [R-NY23],Republican,NY,House,23
Rep. Nicolas LaLota [R-NY1],Republican,NY,House,01
Rep. Nicole (Nikki) Budzinski [D-IL13],Democrat,IL,House,13
Rep. Nicole Malliotakis [R-NY11],Republican,NY,House,11
Rep. Nikema Williams [D-GA5],Democrat,GA,House,05
Rep. Norma Torres [D-CA35],Democrat,CA,House,35
Rep. Nydia Velázquez [D-NY7],Democrat,NY,House,07
Rep. Pat Harrigan [R-NC10],Republican,NC,House,10
Rep. Patrick Ryan [D-NY18],Democrat,NY,House,18
Rep. Patrick “Pat” Fallon [R-TX4],Republican,TX,House,04
Rep. Paul Gosar [R-AZ9],Republican,AZ,House,09
Rep. Paul Tonko [D-NY20],Democrat,NY,House,20
Rep. Pete Aguilar [D-CA33],Democrat,CA,House,33
Rep. Pete Sessions [R-TX17],Republican,TX,House,17
Rep. Pete Stauber [R-MN8],Republican,MN,House,08
Rep. Pramila Jayapal [D-WA7],Democrat,WA,House,07
Rep. Raja Krishnamoorthi [D-IL8],Democrat,IL,House,08
Rep. Ralph Norman [R-SC5],Republican,SC,House,05
Rep. Randall “Randy” Fine [R-FL6],Republican,FL,House,06
Rep. Randy Feenstra [R-IA4],Republican,IA,House,04
Rep. Randy Weber [R-TX14],Republican,TX,House,14
Rep. Rashida Tlaib [D-MI12],Democrat,MI,House,12
Rep. Raul Ruiz [D-CA25],Democrat,CA,House,25
Rep. Rich McCormick [R-GA7],Republican,GA,House,07
Rep. Richard Hudson [R-NC9],Republican,NC,House,09
Rep. Richard Neal [D-MA1],Democrat,MA,House,01
Rep. Rick Allen [R-GA12],Republican,GA,House,12
Rep. Rick Larsen [D-WA2],Democrat,WA,House,02
Rep. Riley Moore [R-WV2],Republican,WV,House,02
Rep. Ritchie Torres [D-NY15],Democrat,NY,House,15
Rep. Ro Khanna [D-CA17],Democrat,CA,House,17
Rep. Robert Aderholt [R-AL4],Republican,AL,House,04
Rep. Robert Bresnahan [R-PA8],Republican,PA,House,08
Rep. Robert Jacobsen Menendez [D-NJ8],Democrat,NJ,House,08
Rep. Robert Julio Garcia [D-CA42],Democrat,CA,House,42
Rep. Robert Latta [R-OH5],Republican,OH,House,05
Rep. Robert Onder [R-MO3],Republican,MO,House,03
Rep. Robert Wittman [R-VA1],Republican,VA,House,01
Rep. Robert “Bobby” Scott [D-VA3],Democrat,VA,House,03
Rep. Robin Kelly [D-IL2],Democrat,IL,House,02
Rep. Roger Williams [R-TX25],Republican,TX,House,25
Rep. Ron Estes [R-KS4],Republican,KS,House,04
Rep. Ronny Jackson [R-TX13],Republican,TX,House,13
Rep. Rosa DeLauro [D-CT3],Democrat,CT,House,03
Rep. Rudy Yakym [R-IN2],Republican,IN,House,02
Rep. Russ Fulcher [R-ID1],Republican,ID,House,01
Rep. Russell Fry [R-SC7],Republican,SC,House,07
Rep. Ryan Mackenzie [R-PA7],Republican,PA,House,07
Rep. Ryan Zinke [R-MT1],Republican,MT,House,01
Rep. Salud Carbajal [D-CA24],Democrat,CA,House,24
Rep. Sam Graves [R-MO6],Republican,MO,House,06
Rep. Sam Liccardo [D-CA16],Democrat,CA,House,16
Rep. Sanford Bishop [D-GA2],Democrat,GA,House,02
Rep. Sara Jacobs [D-CA51],Democrat,CA,House,51
Rep. Sarah Elfreth [D-MD3],Democrat,MD,House,03
Rep. Sarah McBride [D-DE],Democrat,DE,House,00
Rep. Scott DesJarlais [R-TN4],Republican,TN,House,04
Rep. Scott Fitzgerald [R-WI5],Republican,WI,House,05
Rep. Scott Franklin [R-FL18],Republican,FL,House,18
Rep. Scott Perry [R-PA10],Republican,PA,House,10
Rep. Scott Peters [D-CA50],Democrat,CA,House,50
Rep. Sean Casten [D-IL6],Democrat,IL,House,06
Rep. Seth Magaziner [D-RI2],Democrat,RI,House,02
Rep. Seth Moulton [D-MA6],Democrat,MA,House,06
Rep. Sharice Davids [D-KS3],Democrat,KS,House,03
Rep. Sheila Cherfilus-McCormick [D-FL20],Democrat,FL,House,20
Rep. Sheri Biggs [R-SC3],Republican,SC,House,03
Rep. Shomari Figures [D-AL2],Democrat,AL,House,02
Rep. Shontel Brown [D-OH11],Democrat,OH,House,11
Rep. Shri Thanedar [D-MI13],Democrat,MI,House,13
Rep. Stacey Plaskett [D-VI],Democrat,VI,House,00
Rep. Steny Hoyer [D-MD5],Democrat,MD,House,05
Rep. Stephanie Bice [R-OK5],Republican,OK,House,05
Rep. Stephen Lynch [D-MA8],Democrat,MA,House,08
Rep. Steve Cohen [D-TN9],Democrat,TN,House,09
Rep. Steve Scalise [R-LA1],Republican,LA,House,01
Rep. Steve Womack [R-AR3],Republican,AR,House,03
Rep. Steven Horsford [D-NV4],Democrat,NV,House,04
Rep. Suhas Subramanyam [D-VA10],Democrat,VA,House,10
Rep. Summer Lee [D-PA12],Democrat,PA,House,12
Rep. Susie Lee [D-NV3],Democrat,NV,House,03
Rep. Suzan DelBene [D-WA1],Democrat,WA,House,01
Rep. Suzanne Bonamici [D-OR1],Democrat,OR,House,01
Rep. Sydney Kamlager-Dove [D-CA37],Democrat,CA,House,37
Rep. Sylvia Garcia [D-TX29],Democrat,TX,House,29
Rep. Ted Lieu [D-CA36],Democrat,CA,House,36
Rep. Teresa Leger Fernandez [D-NM3],Democrat,NM,House,03
Rep. Terri Sewell [D-AL7],Democrat,AL,House,07
Rep. Thomas Kean [R-NJ7],Republican,NJ,House,07
Rep. Thomas Massie [R-KY4],Republican,KY,House,04
Rep. Thomas Suozzi [D-NY3],Democrat,NY,House,03
Rep. Thomas Tiffany [R-WI7],Republican,WI,House,07
Rep. Tim Burchett [R-TN2],Republican,TN,House,02
Rep. Tim Moore [R-NC14],Republican,NC,House,14
Rep. Tim Walberg [R-MI5],Republican,MI,House,05
Rep. Timothy Kennedy [D-NY26],Democrat,NY,House,26
Rep. Tom Barrett [R-MI7],Republican,MI,House,07
Rep. Tom Cole [R-OK4],Republican,OK,House,04
Rep. Tom Emmer [R-MN6],Republican,MN,House,06
Rep. Tom McClintock [R-CA5],Republican,CA,House,05
Rep. Tony Wied [R-WI8],Republican,WI,House,08
Rep. Tracey Mann [R-KS1],Republican,KS,House,01
Rep. Trent Kelly [R-MS1],Republican,MS,House,01
Rep. Troy Balderson [R-OH12],Republican,OH,House,12
Rep. Troy Carter [D-LA2],Democrat,LA,House,02
Rep. Troy Downing [R-MT2],Republican,MT,House,02
Rep. Troy Nehls [R-TX22],Republican,TX,House,22
Rep. Valerie Foushee [D-NC4],Democrat,NC,House,04
Rep. Valerie Hoyle [D-OR4],Democrat,OR,House,04
Rep. Vern Buchanan [R-FL16],Republican,FL,House,16
Rep. Veronica Escobar [D-TX16],Democrat,TX,House,16
Rep. Vicente Gonzalez [D-TX34],Democrat,TX,House,34
Rep. Victoria Spartz [R-IN5],Republican,IN,House,05
Rep. Vince Fong [R-CA20],Republican,CA,House,20
Rep. Virginia Foxx [R-NC5],Republican,NC,House,05
Rep. Warren Davidson [R-OH8],Republican,OH,House,08
Rep. Wesley Bell [D-MO1],Democrat,MO,House,01
Rep. Wesley Hunt [R-TX38],Republican,TX,House,38
Rep. William R. Keating [D-MA9],Democrat,MA,House,09
Rep. William Timmons [R-SC4],Republican,SC,House,04
Rep. Yassamin Ansari [D-AZ3],Democrat,AZ,House,03
Rep. Young Kim [R-CA40],Republican,CA,House,40
Rep. Yvette Clarke [D-NY9],Democrat,NY,House,09
Rep. Zachary (Zach) Nunn [R-IA3],Republican,IA,House,03
Rep. Zoe Lofgren [D-CA18],Democrat,CA,House,18
Sen. Adam Schiff [D-CA],Democrat,CA,Senate,NA
Sen. Alan Armstrong [R-OK],Republican,OK,Senate,NA
Sen. Alejandro “Alex” Padilla [D-CA],Democrat,CA,Senate,NA
Sen. Amy Klobuchar [D-MN],Democrat,MN,Senate,NA
Sen. Andy Kim [D-NJ],Democrat,NJ,Senate,NA
Sen. Angela Alsobrooks [D-MD],Democrat,MD,Senate,NA
Sen. Angus King [I-ME],Independent,ME,Senate,NA
Sen. Ashley Moody [R-FL],Republican,FL,Senate,NA
Sen. Ben Ray Luján [D-NM],Democrat,NM,Senate,NA
Sen. Bernard “Bernie” Sanders [I-VT],Independent,VT,Senate,NA
Sen. Bernie Moreno [R-OH],Republican,OH,Senate,NA
Sen. Bill Cassidy [R-LA],Republican,LA,Senate,NA
Sen. Bill Hagerty [R-TN],Republican,TN,Senate,NA
Sen. Brian Schatz [D-HI],Democrat,HI,Senate,NA
Sen. Catherine Cortez Masto [D-NV],Democrat,NV,Senate,NA
Sen. Charles “Chuck” Grassley [R-IA],Republican,IA,Senate,NA
Sen. Charles “Chuck” Schumer [D-NY],Democrat,NY,Senate,NA
Sen. Chris Van Hollen [D-MD],Democrat,MD,Senate,NA
Sen. Christopher Coons [D-DE],Democrat,DE,Senate,NA
Sen. Christopher Murphy [D-CT],Democrat,CT,Senate,NA
Sen. Cindy Hyde-Smith [R-MS],Republican,MS,Senate,NA
Sen. Cory Booker [D-NJ],Democrat,NJ,Senate,NA
Sen. Cynthia Lummis [R-WY],Republican,WY,Senate,NA
Sen. Dan Sullivan [R-AK],Republican,AK,Senate,NA
Sen. Dave McCormick [R-PA],Republican,PA,Senate,NA
Sen. Deb Fischer [R-NE],Republican,NE,Senate,NA
Sen. Edward “Ed” Markey [D-MA],Democrat,MA,Senate,NA
Sen. Elissa Slotkin [D-MI],Democrat,MI,Senate,NA
Sen. Elizabeth Warren [D-MA],Democrat,MA,Senate,NA
Sen. Eric Schmitt [R-MO],Republican,MO,Senate,NA
Sen. Gary Peters [D-MI],Democrat,MI,Senate,NA
Sen. Jacky Rosen [D-NV],Democrat,NV,Senate,NA
Sen. James Lankford [R-OK],Republican,OK,Senate,NA
Sen. James Risch [R-ID],Republican,ID,Senate,NA
Sen. Jeanne Shaheen [D-NH],Democrat,NH,Senate,NA
Sen. Jeff Merkley [D-OR],Democrat,OR,Senate,NA
Sen. Jerry Moran [R-KS],Republican,KS,Senate,NA
Sen. Jim Banks [R-IN],Republican,IN,Senate,NA
Sen. Jim Justice [R-WV],Republican,WV,Senate,NA
Sen. John Barrasso [R-WY],Republican,WY,Senate,NA
Sen. John Boozman [R-AR],Republican,AR,Senate,NA
Sen. John Cornyn [R-TX],Republican,TX,Senate,NA
Sen. John Curtis [R-UT],Republican,UT,Senate,NA
Sen. John F. “Jack” Reed [D-RI],Democrat,RI,Senate,NA
Sen. John Fetterman [D-PA],Democrat,PA,Senate,NA
Sen. John Hickenlooper [D-CO],Democrat,CO,Senate,NA
Sen. John Hoeven [R-ND],Republican,ND,Senate,NA
Sen. John Neely Kennedy [R-LA],Republican,LA,Senate,NA
Sen. John Thune [R-SD],Republican,SD,Senate,NA
Sen. Jon Husted [R-OH],Republican,OH,Senate,NA
Sen. Jon Ossoff [D-GA],Democrat,GA,Senate,NA
Sen. Joni Ernst [R-IA],Republican,IA,Senate,NA
Sen. Joshua “Josh” Hawley [R-MO],Republican,MO,Senate,NA
Sen. Katie Britt [R-AL],Republican,AL,Senate,NA
Sen. Kevin Cramer [R-ND],Republican,ND,Senate,NA
Sen. Kirsten Gillibrand [D-NY],Democrat,NY,Senate,NA
Sen. Lindsey Graham [R-SC],Republican,SC,Senate,NA
Sen. Lisa Blunt Rochester [D-DE],Democrat,DE,Senate,NA
Sen. Lisa Murkowski [R-AK],Republican,AK,Senate,NA
Sen. Margaret “Maggie” Hassan [D-NH],Democrat,NH,Senate,NA
Sen. Maria Cantwell [D-WA],Democrat,WA,Senate,NA
Sen. Mark Kelly [D-AZ],Democrat,AZ,Senate,NA
Sen. Mark Warner [D-VA],Democrat,VA,Senate,NA
Sen. Marsha Blackburn [R-TN],Republican,TN,Senate,NA
Sen. Martin Heinrich [D-NM],Democrat,NM,Senate,NA
Sen. Mazie Hirono [D-HI],Democrat,HI,Senate,NA
Sen. Michael Bennet [D-CO],Democrat,CO,Senate,NA
Sen. Michael “Mike” Crapo [R-ID],Republican,ID,Senate,NA
Sen. Mike Lee [R-UT],Republican,UT,Senate,NA
Sen. Mike Rounds [R-SD],Republican,SD,Senate,NA
Sen. Mitch McConnell [R-KY],Republican,KY,Senate,NA
Sen. Patty Murray [D-WA],Democrat,WA,Senate,NA
Sen. Pete Ricketts [R-NE],Republican,NE,Senate,NA
Sen. Peter Welch [D-VT],Democrat,VT,Senate,NA
Sen. Rand Paul [R-KY],Republican,KY,Senate,NA
Sen. Raphael Warnock [D-GA],Democrat,GA,Senate,NA
Sen. Richard Blumenthal [D-CT],Democrat,CT,Senate,NA
Sen. Richard Durbin [D-IL],Democrat,IL,Senate,NA
Sen. Rick Scott [R-FL],Republican,FL,Senate,NA
Sen. Roger Marshall [R-KS],Republican,KS,Senate,NA
Sen. Roger Wicker [R-MS],Republican,MS,Senate,NA
Sen. Ron Johnson [R-WI],Republican,WI,Senate,NA
Sen. Ron Wyden [D-OR],Democrat,OR,Senate,NA
Sen. Ruben Gallego [D-AZ],Democrat,AZ,Senate,NA
Sen. Sheldon Whitehouse [D-RI],Democrat,RI,Senate,NA
Sen. Shelley Moore Capito [R-WV],Republican,WV,Senate,NA
Sen. Steve Daines [R-MT],Republican,MT,Senate,NA
Sen. Susan Collins [R-ME],Republican,ME,Senate,NA
Sen. Tammy Baldwin [D-WI],Democrat,WI,Senate,NA
Sen. Tammy Duckworth [D-IL],Democrat,IL,Senate,NA
Sen. Ted Budd [R-NC],Republican,NC,Senate,NA
Sen. Ted Cruz [R-TX],Republican,TX,Senate,NA
Sen. Thom Tillis [R-NC],Republican,NC,Senate,NA
Sen. Tim Scott [R-SC],Republican,SC,Senate,NA
Sen. Tim Sheehy [R-MT],Republican,MT,Senate,NA
Sen. Timothy “Tim” Kaine [D-VA],Democrat,VA,Senate,NA
Sen. Tina Smith [D-MN],Democrat,MN,Senate,NA
Sen. Todd Young [R-IN],Republican,IN,Senate,NA
Sen. Tom Cotton [R-AR],Republican,AR,Senate,NA
Sen. Tommy Tuberville [R-AL],Republican,AL,Senate,NA
Vice President James David “J.D.” Vance [R],Republican,,House,NA
